PROVINCIA,age,year_death,cases_f
ABANCAY,a. <40,2020,15
ABANCAY,a. <40,2021,27
ABANCAY,b. 40-60,2020,34
ABANCAY,b. 40-60,2021,108
ABANCAY,c. >60,2020,111
ABANCAY,c. >60,2021,285
ACOBAMBA,a. <40,2020,3
ACOBAMBA,a. <40,2021,4
ACOBAMBA,b. 40-60,2020,5
ACOBAMBA,b. 40-60,2021,21
ACOBAMBA,c. >60,2020,33
ACOBAMBA,c. >60,2021,57
ACOMAYO,a. <40,2021,2
ACOMAYO,b. 40-60,2020,3
ACOMAYO,b. 40-60,2021,4
ACOMAYO,c. >60,2020,18
ACOMAYO,c. >60,2021,24
AIJA,b. 40-60,2021,3
AIJA,c. >60,2020,2
AIJA,c. >60,2021,17
ALTO AMAZONAS,a. <40,2020,30
ALTO AMAZONAS,a. <40,2021,17
ALTO AMAZONAS,b. 40-60,2020,76
ALTO AMAZONAS,b. 40-60,2021,46
ALTO AMAZONAS,c. >60,2020,150
ALTO AMAZONAS,c. >60,2021,90
AMBO,a. <40,2021,8
AMBO,b. 40-60,2020,10
AMBO,b. 40-60,2021,26
AMBO,c. >60,2020,36
AMBO,c. >60,2021,78
ANDAHUAYLAS,a. <40,2020,6
ANDAHUAYLAS,a. <40,2021,13
ANDAHUAYLAS,b. 40-60,2020,24
ANDAHUAYLAS,b. 40-60,2021,89
ANDAHUAYLAS,c. >60,2020,69
ANDAHUAYLAS,c. >60,2021,273
ANGARAES,a. <40,2020,9
ANGARAES,a. <40,2021,11
ANGARAES,b. 40-60,2020,17
ANGARAES,b. 40-60,2021,22
ANGARAES,c. >60,2020,36
ANGARAES,c. >60,2021,49
ANTA,a. <40,2020,8
ANTA,a. <40,2021,5
ANTA,b. 40-60,2020,17
ANTA,b. 40-60,2021,39
ANTA,c. >60,2020,39
ANTA,c. >60,2021,117
ANTABAMBA,a. <40,2021,4
ANTABAMBA,b. 40-60,2020,2
ANTABAMBA,b. 40-60,2021,4
ANTABAMBA,c. >60,2020,6
ANTABAMBA,c. >60,2021,33
ANTONIO RAIMONDI,a. <40,2020,1
ANTONIO RAIMONDI,a. <40,2021,2
ANTONIO RAIMONDI,b. 40-60,2021,2
ANTONIO RAIMONDI,c. >60,2020,4
ANTONIO RAIMONDI,c. >60,2021,21
AREQUIPA,a. <40,2020,141
AREQUIPA,a. <40,2021,197
AREQUIPA,b. 40-60,2020,854
AREQUIPA,b. 40-60,2021,1231
AREQUIPA,c. >60,2020,2830
AREQUIPA,c. >60,2021,2638
ASCOPE,a. <40,2020,17
ASCOPE,a. <40,2021,14
ASCOPE,b. 40-60,2020,128
ASCOPE,b. 40-60,2021,94
ASCOPE,c. >60,2020,352
ASCOPE,c. >60,2021,251
ASUNCION,b. 40-60,2020,2
ASUNCION,b. 40-60,2021,1
ASUNCION,c. >60,2020,1
ASUNCION,c. >60,2021,15
ATALAYA,a. <40,2020,12
ATALAYA,a. <40,2021,7
ATALAYA,b. 40-60,2020,7
ATALAYA,b. 40-60,2021,24
ATALAYA,c. >60,2020,25
ATALAYA,c. >60,2021,33
AYABACA,a. <40,2020,11
AYABACA,a. <40,2021,15
AYABACA,b. 40-60,2020,22
AYABACA,b. 40-60,2021,43
AYABACA,c. >60,2020,68
AYABACA,c. >60,2021,131
AYMARAES,a. <40,2020,2
AYMARAES,b. 40-60,2020,8
AYMARAES,b. 40-60,2021,14
AYMARAES,c. >60,2020,23
AYMARAES,c. >60,2021,54
AZANGARO,a. <40,2020,11
AZANGARO,a. <40,2021,10
AZANGARO,b. 40-60,2020,22
AZANGARO,b. 40-60,2021,59
AZANGARO,c. >60,2020,36
AZANGARO,c. >60,2021,99
BAGUA,a. <40,2020,17
BAGUA,a. <40,2021,4
BAGUA,b. 40-60,2020,66
BAGUA,b. 40-60,2021,51
BAGUA,c. >60,2020,185
BAGUA,c. >60,2021,98
BARRANCA,a. <40,2020,19
BARRANCA,a. <40,2021,42
BARRANCA,b. 40-60,2020,119
BARRANCA,b. 40-60,2021,183
BARRANCA,c. >60,2020,392
BARRANCA,c. >60,2021,428
BELLAVISTA,a. <40,2020,8
BELLAVISTA,a. <40,2021,4
BELLAVISTA,b. 40-60,2020,24
BELLAVISTA,b. 40-60,2021,33
BELLAVISTA,c. >60,2020,45
BELLAVISTA,c. >60,2021,84
BOLIVAR,b. 40-60,2020,2
BOLIVAR,b. 40-60,2021,3
BOLIVAR,c. >60,2021,14
BOLOGNESI,a. <40,2020,4
BOLOGNESI,a. <40,2021,2
BOLOGNESI,b. 40-60,2020,3
BOLOGNESI,b. 40-60,2021,10
BOLOGNESI,c. >60,2020,13
BOLOGNESI,c. >60,2021,50
BONGARA,a. <40,2020,2
BONGARA,a. <40,2021,2
BONGARA,b. 40-60,2020,8
BONGARA,b. 40-60,2021,11
BONGARA,c. >60,2020,15
BONGARA,c. >60,2021,30
CAJABAMBA,a. <40,2020,6
CAJABAMBA,a. <40,2021,11
CAJABAMBA,b. 40-60,2020,9
CAJABAMBA,b. 40-60,2021,30
CAJABAMBA,c. >60,2020,48
CAJABAMBA,c. >60,2021,94
CAJAMARCA,a. <40,2020,48
CAJAMARCA,a. <40,2021,40
CAJAMARCA,b. 40-60,2020,166
CAJAMARCA,b. 40-60,2021,240
CAJAMARCA,c. >60,2020,464
CAJAMARCA,c. >60,2021,599
CAJATAMBO,a. <40,2020,19
CAJATAMBO,a. <40,2021,1
CAJATAMBO,b. 40-60,2020,12
CAJATAMBO,b. 40-60,2021,4
CAJATAMBO,c. >60,2020,12
CAJATAMBO,c. >60,2021,9
CALCA,a. <40,2020,4
CALCA,a. <40,2021,9
CALCA,b. 40-60,2020,10
CALCA,b. 40-60,2021,21
CALCA,c. >60,2020,18
CALCA,c. >60,2021,52
CALLAO,a. <40,2020,239
CALLAO,a. <40,2021,321
CALLAO,b. 40-60,2020,1326
CALLAO,b. 40-60,2021,1420
CALLAO,c. >60,2020,3753
CALLAO,c. >60,2021,3186
CAMANA,a. <40,2020,1
CAMANA,a. <40,2021,14
CAMANA,b. 40-60,2020,27
CAMANA,b. 40-60,2021,101
CAMANA,c. >60,2020,59
CAMANA,c. >60,2021,205
CANAS,a. <40,2021,2
CANAS,b. 40-60,2020,2
CANAS,b. 40-60,2021,16
CANAS,c. >60,2020,10
CANAS,c. >60,2021,56
CANCHIS,a. <40,2020,8
CANCHIS,a. <40,2021,15
CANCHIS,b. 40-60,2020,20
CANCHIS,b. 40-60,2021,80
CANCHIS,c. >60,2020,84
CANCHIS,c. >60,2021,237
CANDARAVE,a. <40,2021,1
CANDARAVE,b. 40-60,2020,2
CANDARAVE,b. 40-60,2021,1
CANDARAVE,c. >60,2020,3
CANDARAVE,c. >60,2021,5
CANGALLO,a. <40,2020,2
CANGALLO,a. <40,2021,1
CANGALLO,b. 40-60,2020,1
CANGALLO,b. 40-60,2021,10
CANGALLO,c. >60,2020,21
CANGALLO,c. >60,2021,36
CANTA,a. <40,2020,1
CANTA,a. <40,2021,4
CANTA,b. 40-60,2020,4
CANTA,b. 40-60,2021,12
CANTA,c. >60,2020,28
CANTA,c. >60,2021,23
CARABAYA,a. <40,2020,3
CARABAYA,a. <40,2021,11
CARABAYA,b. 40-60,2020,12
CARABAYA,b. 40-60,2021,30
CARABAYA,c. >60,2020,12
CARABAYA,c. >60,2021,49
CARAVELI,a. <40,2020,2
CARAVELI,a. <40,2021,12
CARAVELI,b. 40-60,2020,17
CARAVELI,b. 40-60,2021,55
CARAVELI,c. >60,2020,35
CARAVELI,c. >60,2021,90
CARHUAZ,a. <40,2020,4
CARHUAZ,a. <40,2021,8
CARHUAZ,b. 40-60,2020,12
CARHUAZ,b. 40-60,2021,17
CARHUAZ,c. >60,2020,25
CARHUAZ,c. >60,2021,80
CARLOS FERMIN FITZCARRALD,a. <40,2020,1
CARLOS FERMIN FITZCARRALD,b. 40-60,2021,2
CARLOS FERMIN FITZCARRALD,c. >60,2020,10
CARLOS FERMIN FITZCARRALD,c. >60,2021,16
CASMA,a. <40,2020,6
CASMA,a. <40,2021,13
CASMA,b. 40-60,2020,27
CASMA,b. 40-60,2021,60
CASMA,c. >60,2020,97
CASMA,c. >60,2021,131
CASTILLA,a. <40,2021,5
CASTILLA,b. 40-60,2020,8
CASTILLA,b. 40-60,2021,31
CASTILLA,c. >60,2020,27
CASTILLA,c. >60,2021,80
CASTROVIRREYNA,b. 40-60,2020,3
CASTROVIRREYNA,b. 40-60,2021,4
CASTROVIRREYNA,c. >60,2020,4
CASTROVIRREYNA,c. >60,2021,29
CAYLLOMA,a. <40,2020,5
CAYLLOMA,a. <40,2021,23
CAYLLOMA,b. 40-60,2020,38
CAYLLOMA,b. 40-60,2021,91
CAYLLOMA,c. >60,2020,110
CAYLLOMA,c. >60,2021,202
CAÑETE,a. <40,2020,72
CAÑETE,a. <40,2021,86
CAÑETE,b. 40-60,2020,250
CAÑETE,b. 40-60,2021,358
CAÑETE,c. >60,2020,638
CAÑETE,c. >60,2021,636
CELENDIN,a. <40,2020,4
CELENDIN,a. <40,2021,11
CELENDIN,b. 40-60,2020,7
CELENDIN,b. 40-60,2021,26
CELENDIN,c. >60,2020,39
CELENDIN,c. >60,2021,102
CHACHAPOYAS,a. <40,2020,8
CHACHAPOYAS,a. <40,2021,21
CHACHAPOYAS,b. 40-60,2020,13
CHACHAPOYAS,b. 40-60,2021,56
CHACHAPOYAS,c. >60,2020,40
CHACHAPOYAS,c. >60,2021,114
CHANCHAMAYO,a. <40,2020,21
CHANCHAMAYO,a. <40,2021,31
CHANCHAMAYO,b. 40-60,2020,95
CHANCHAMAYO,b. 40-60,2021,137
CHANCHAMAYO,c. >60,2020,239
CHANCHAMAYO,c. >60,2021,396
CHEPEN,a. <40,2020,19
CHEPEN,a. <40,2021,17
CHEPEN,b. 40-60,2020,84
CHEPEN,b. 40-60,2021,92
CHEPEN,c. >60,2020,262
CHEPEN,c. >60,2021,229
CHICLAYO,a. <40,2020,173
CHICLAYO,a. <40,2021,163
CHICLAYO,b. 40-60,2020,921
CHICLAYO,b. 40-60,2021,856
CHICLAYO,c. >60,2020,2442
CHICLAYO,c. >60,2021,2138
CHINCHA,a. <40,2020,77
CHINCHA,a. <40,2021,98
CHINCHA,b. 40-60,2020,347
CHINCHA,b. 40-60,2021,428
CHINCHA,c. >60,2020,857
CHINCHA,c. >60,2021,862
CHINCHEROS,a. <40,2020,3
CHINCHEROS,a. <40,2021,7
CHINCHEROS,b. 40-60,2020,3
CHINCHEROS,b. 40-60,2021,24
CHINCHEROS,c. >60,2020,26
CHINCHEROS,c. >60,2021,82
CHOTA,a. <40,2020,4
CHOTA,a. <40,2021,12
CHOTA,b. 40-60,2020,13
CHOTA,b. 40-60,2021,47
CHOTA,c. >60,2020,48
CHOTA,c. >60,2021,150
CHUCUITO,a. <40,2020,6
CHUCUITO,a. <40,2021,8
CHUCUITO,b. 40-60,2020,18
CHUCUITO,b. 40-60,2021,28
CHUCUITO,c. >60,2020,34
CHUCUITO,c. >60,2021,88
CHUMBIVILCAS,a. <40,2020,1
CHUMBIVILCAS,a. <40,2021,5
CHUMBIVILCAS,b. 40-60,2020,2
CHUMBIVILCAS,b. 40-60,2021,30
CHUMBIVILCAS,c. >60,2020,10
CHUMBIVILCAS,c. >60,2021,95
CHUPACA,a. <40,2020,8
CHUPACA,a. <40,2021,14
CHUPACA,b. 40-60,2020,31
CHUPACA,b. 40-60,2021,46
CHUPACA,c. >60,2020,65
CHUPACA,c. >60,2021,137
CHURCAMPA,a. <40,2020,3
CHURCAMPA,a. <40,2021,2
CHURCAMPA,b. 40-60,2020,5
CHURCAMPA,b. 40-60,2021,12
CHURCAMPA,c. >60,2020,16
CHURCAMPA,c. >60,2021,22
CONCEPCION,a. <40,2020,6
CONCEPCION,a. <40,2021,3
CONCEPCION,b. 40-60,2020,19
CONCEPCION,b. 40-60,2021,35
CONCEPCION,c. >60,2020,54
CONCEPCION,c. >60,2021,95
CONDESUYOS,a. <40,2020,1
CONDESUYOS,a. <40,2021,4
CONDESUYOS,b. 40-60,2020,3
CONDESUYOS,b. 40-60,2021,7
CONDESUYOS,c. >60,2020,10
CONDESUYOS,c. >60,2021,36
CONDORCANQUI,a. <40,2020,25
CONDORCANQUI,a. <40,2021,11
CONDORCANQUI,b. 40-60,2020,15
CONDORCANQUI,b. 40-60,2021,3
CONDORCANQUI,c. >60,2020,38
CONDORCANQUI,c. >60,2021,12
CONTRALMIRANTE VILLAR,a. <40,2020,3
CONTRALMIRANTE VILLAR,a. <40,2021,7
CONTRALMIRANTE VILLAR,b. 40-60,2020,16
CONTRALMIRANTE VILLAR,b. 40-60,2021,19
CONTRALMIRANTE VILLAR,c. >60,2020,51
CONTRALMIRANTE VILLAR,c. >60,2021,47
CONTUMAZA,a. <40,2020,1
CONTUMAZA,a. <40,2021,4
CONTUMAZA,b. 40-60,2020,6
CONTUMAZA,b. 40-60,2021,10
CONTUMAZA,c. >60,2020,16
CONTUMAZA,c. >60,2021,55
CORONEL PORTILLO,a. <40,2020,196
CORONEL PORTILLO,a. <40,2021,94
CORONEL PORTILLO,b. 40-60,2020,379
CORONEL PORTILLO,b. 40-60,2021,392
CORONEL PORTILLO,c. >60,2020,950
CORONEL PORTILLO,c. >60,2021,842
CORONGO,a. <40,2021,1
CORONGO,b. 40-60,2021,2
CORONGO,c. >60,2020,2
CORONGO,c. >60,2021,12
COTABAMBAS,a. <40,2020,5
COTABAMBAS,a. <40,2021,6
COTABAMBAS,b. 40-60,2020,8
COTABAMBAS,b. 40-60,2021,16
COTABAMBAS,c. >60,2020,14
COTABAMBAS,c. >60,2021,66
CUSCO,a. <40,2020,63
CUSCO,a. <40,2021,76
CUSCO,b. 40-60,2020,277
CUSCO,b. 40-60,2021,406
CUSCO,c. >60,2020,657
CUSCO,c. >60,2021,975
CUTERVO,a. <40,2020,3
CUTERVO,a. <40,2021,11
CUTERVO,b. 40-60,2020,11
CUTERVO,b. 40-60,2021,34
CUTERVO,c. >60,2020,44
CUTERVO,c. >60,2021,113
DANIEL ALCIDES CARRION,a. <40,2020,2
DANIEL ALCIDES CARRION,a. <40,2021,3
DANIEL ALCIDES CARRION,b. 40-60,2020,4
DANIEL ALCIDES CARRION,b. 40-60,2021,13
DANIEL ALCIDES CARRION,c. >60,2020,29
DANIEL ALCIDES CARRION,c. >60,2021,47
DATEM DEL MARAÑON,a. <40,2020,14
DATEM DEL MARAÑON,a. <40,2021,6
DATEM DEL MARAÑON,b. 40-60,2020,17
DATEM DEL MARAÑON,b. 40-60,2021,14
DATEM DEL MARAÑON,c. >60,2020,42
DATEM DEL MARAÑON,c. >60,2021,15
DOS DE MAYO,a. <40,2021,4
DOS DE MAYO,b. 40-60,2020,3
DOS DE MAYO,b. 40-60,2021,20
DOS DE MAYO,c. >60,2020,20
DOS DE MAYO,c. >60,2021,52
EL COLLAO,a. <40,2020,3
EL COLLAO,a. <40,2021,8
EL COLLAO,b. 40-60,2020,23
EL COLLAO,b. 40-60,2021,31
EL COLLAO,c. >60,2020,43
EL COLLAO,c. >60,2021,88
EL DORADO,a. <40,2020,13
EL DORADO,a. <40,2021,1
EL DORADO,b. 40-60,2020,2
EL DORADO,b. 40-60,2021,5
EL DORADO,c. >60,2020,34
EL DORADO,c. >60,2021,22
ESPINAR,a. <40,2020,5
ESPINAR,a. <40,2021,5
ESPINAR,b. 40-60,2020,9
ESPINAR,b. 40-60,2021,24
ESPINAR,c. >60,2020,29
ESPINAR,c. >60,2021,49
FERREÑAFE,a. <40,2020,18
FERREÑAFE,a. <40,2021,19
FERREÑAFE,b. 40-60,2020,83
FERREÑAFE,b. 40-60,2021,76
FERREÑAFE,c. >60,2020,271
FERREÑAFE,c. >60,2021,180
GENERAL SANCHEZ CERRO,a. <40,2021,2
GENERAL SANCHEZ CERRO,b. 40-60,2020,1
GENERAL SANCHEZ CERRO,b. 40-60,2021,5
GENERAL SANCHEZ CERRO,c. >60,2020,16
GENERAL SANCHEZ CERRO,c. >60,2021,26
GRAN CHIMU,a. <40,2020,2
GRAN CHIMU,a. <40,2021,1
GRAN CHIMU,b. 40-60,2020,7
GRAN CHIMU,b. 40-60,2021,6
GRAN CHIMU,c. >60,2020,24
GRAN CHIMU,c. >60,2021,20
GRAU,a. <40,2021,1
GRAU,b. 40-60,2020,2
GRAU,b. 40-60,2021,5
GRAU,c. >60,2020,6
GRAU,c. >60,2021,48
HUACAYBAMBA,b. 40-60,2021,2
HUACAYBAMBA,c. >60,2020,7
HUACAYBAMBA,c. >60,2021,18
HUALGAYOC,a. <40,2020,1
HUALGAYOC,a. <40,2021,13
HUALGAYOC,b. 40-60,2020,12
HUALGAYOC,b. 40-60,2021,19
HUALGAYOC,c. >60,2020,42
HUALGAYOC,c. >60,2021,84
HUALLAGA,a. <40,2020,3
HUALLAGA,a. <40,2021,1
HUALLAGA,b. 40-60,2020,13
HUALLAGA,b. 40-60,2021,7
HUALLAGA,c. >60,2020,37
HUALLAGA,c. >60,2021,35
HUAMALIES,a. <40,2020,7
HUAMALIES,a. <40,2021,7
HUAMALIES,b. 40-60,2020,4
HUAMALIES,b. 40-60,2021,15
HUAMALIES,c. >60,2020,16
HUAMALIES,c. >60,2021,55
HUAMANGA,a. <40,2020,60
HUAMANGA,a. <40,2021,37
HUAMANGA,b. 40-60,2020,130
HUAMANGA,b. 40-60,2021,142
HUAMANGA,c. >60,2020,360
HUAMANGA,c. >60,2021,458
HUANCA SANCOS,a. <40,2021,1
HUANCA SANCOS,b. 40-60,2021,2
HUANCA SANCOS,c. >60,2020,3
HUANCA SANCOS,c. >60,2021,12
HUANCABAMBA,a. <40,2020,3
HUANCABAMBA,a. <40,2021,10
HUANCABAMBA,b. 40-60,2020,21
HUANCABAMBA,b. 40-60,2021,23
HUANCABAMBA,c. >60,2020,90
HUANCABAMBA,c. >60,2021,64
HUANCANE,a. <40,2020,6
HUANCANE,a. <40,2021,2
HUANCANE,b. 40-60,2020,15
HUANCANE,b. 40-60,2021,23
HUANCANE,c. >60,2020,35
HUANCANE,c. >60,2021,63
HUANCAVELICA,a. <40,2020,14
HUANCAVELICA,a. <40,2021,20
HUANCAVELICA,b. 40-60,2020,56
HUANCAVELICA,b. 40-60,2021,108
HUANCAVELICA,c. >60,2020,119
HUANCAVELICA,c. >60,2021,206
HUANCAYO,a. <40,2020,81
HUANCAYO,a. <40,2021,119
HUANCAYO,b. 40-60,2020,387
HUANCAYO,b. 40-60,2021,619
HUANCAYO,c. >60,2020,921
HUANCAYO,c. >60,2021,1458
HUANTA,a. <40,2020,4
HUANTA,a. <40,2021,11
HUANTA,b. 40-60,2020,23
HUANTA,b. 40-60,2021,41
HUANTA,c. >60,2020,74
HUANTA,c. >60,2021,129
HUANUCO,a. <40,2020,33
HUANUCO,a. <40,2021,48
HUANUCO,b. 40-60,2020,152
HUANUCO,b. 40-60,2021,222
HUANUCO,c. >60,2020,432
HUANUCO,c. >60,2021,678
HUARAL,a. <40,2020,40
HUARAL,a. <40,2021,34
HUARAL,b. 40-60,2020,165
HUARAL,b. 40-60,2021,182
HUARAL,c. >60,2020,452
HUARAL,c. >60,2021,560
HUARAZ,a. <40,2020,20
HUARAZ,a. <40,2021,37
HUARAZ,b. 40-60,2020,131
HUARAZ,b. 40-60,2021,191
HUARAZ,c. >60,2020,325
HUARAZ,c. >60,2021,348
HUARI,a. <40,2020,4
HUARI,a. <40,2021,5
HUARI,b. 40-60,2020,10
HUARI,b. 40-60,2021,20
HUARI,c. >60,2020,25
HUARI,c. >60,2021,68
HUARMEY,a. <40,2021,13
HUARMEY,b. 40-60,2020,22
HUARMEY,b. 40-60,2021,36
HUARMEY,c. >60,2020,52
HUARMEY,c. >60,2021,97
HUAROCHIRI,a. <40,2020,11
HUAROCHIRI,a. <40,2021,13
HUAROCHIRI,b. 40-60,2020,60
HUAROCHIRI,b. 40-60,2021,103
HUAROCHIRI,c. >60,2020,122
HUAROCHIRI,c. >60,2021,211
HUAURA,a. <40,2020,39
HUAURA,a. <40,2021,55
HUAURA,b. 40-60,2020,188
HUAURA,b. 40-60,2021,284
HUAURA,c. >60,2020,643
HUAURA,c. >60,2021,700
HUAYLAS,a. <40,2020,2
HUAYLAS,a. <40,2021,11
HUAYLAS,b. 40-60,2020,21
HUAYLAS,b. 40-60,2021,33
HUAYLAS,c. >60,2020,48
HUAYLAS,c. >60,2021,102
HUAYTARA,a. <40,2020,1
HUAYTARA,b. 40-60,2020,3
HUAYTARA,b. 40-60,2021,8
HUAYTARA,c. >60,2020,13
HUAYTARA,c. >60,2021,32
ICA,a. <40,2020,76
ICA,a. <40,2021,132
ICA,b. 40-60,2020,363
ICA,b. 40-60,2021,578
ICA,c. >60,2020,1118
ICA,c. >60,2021,1385
ILO,a. <40,2020,14
ILO,a. <40,2021,14
ILO,b. 40-60,2020,95
ILO,b. 40-60,2021,100
ILO,c. >60,2020,246
ILO,c. >60,2021,269
ISLAY,a. <40,2020,4
ISLAY,a. <40,2021,10
ISLAY,b. 40-60,2020,42
ISLAY,b. 40-60,2021,86
ISLAY,c. >60,2020,95
ISLAY,c. >60,2021,201
JAEN,a. <40,2020,24
JAEN,a. <40,2021,36
JAEN,b. 40-60,2020,103
JAEN,b. 40-60,2021,124
JAEN,c. >60,2020,336
JAEN,c. >60,2021,275
JAUJA,a. <40,2020,9
JAUJA,a. <40,2021,23
JAUJA,b. 40-60,2020,34
JAUJA,b. 40-60,2021,128
JAUJA,c. >60,2020,64
JAUJA,c. >60,2021,264
JORGE BASADRE,b. 40-60,2020,3
JORGE BASADRE,b. 40-60,2021,4
JORGE BASADRE,c. >60,2020,12
JORGE BASADRE,c. >60,2021,16
JULCAN,a. <40,2020,3
JULCAN,a. <40,2021,2
JULCAN,b. 40-60,2020,2
JULCAN,b. 40-60,2021,8
JULCAN,c. >60,2020,2
JULCAN,c. >60,2021,20
JUNIN,a. <40,2020,1
JUNIN,a. <40,2021,8
JUNIN,b. 40-60,2020,5
JUNIN,b. 40-60,2021,25
JUNIN,c. >60,2020,27
JUNIN,c. >60,2021,65
LA CONVENCION,a. <40,2020,16
LA CONVENCION,a. <40,2021,17
LA CONVENCION,b. 40-60,2020,37
LA CONVENCION,b. 40-60,2021,88
LA CONVENCION,c. >60,2020,94
LA CONVENCION,c. >60,2021,244
LA MAR,a. <40,2020,16
LA MAR,a. <40,2021,7
LA MAR,b. 40-60,2020,13
LA MAR,b. 40-60,2021,32
LA MAR,c. >60,2020,29
LA MAR,c. >60,2021,57
LA UNION,a. <40,2021,1
LA UNION,b. 40-60,2021,6
LA UNION,c. >60,2020,5
LA UNION,c. >60,2021,27
LAMAS,a. <40,2020,17
LAMAS,a. <40,2021,8
LAMAS,b. 40-60,2020,24
LAMAS,b. 40-60,2021,19
LAMAS,c. >60,2020,71
LAMAS,c. >60,2021,81
LAMBAYEQUE,a. <40,2020,52
LAMBAYEQUE,a. <40,2021,51
LAMBAYEQUE,b. 40-60,2020,247
LAMBAYEQUE,b. 40-60,2021,176
LAMBAYEQUE,c. >60,2020,645
LAMBAYEQUE,c. >60,2021,385
LAMPA,a. <40,2020,5
LAMPA,a. <40,2021,7
LAMPA,b. 40-60,2020,8
LAMPA,b. 40-60,2021,21
LAMPA,c. >60,2020,23
LAMPA,c. >60,2021,60
LAURICOCHA,a. <40,2020,2
LAURICOCHA,a. <40,2021,2
LAURICOCHA,b. 40-60,2021,13
LAURICOCHA,c. >60,2020,6
LAURICOCHA,c. >60,2021,21
LEONCIO PRADO,a. <40,2020,15
LEONCIO PRADO,a. <40,2021,11
LEONCIO PRADO,b. 40-60,2020,79
LEONCIO PRADO,b. 40-60,2021,77
LEONCIO PRADO,c. >60,2020,196
LEONCIO PRADO,c. >60,2021,173
LIMA,a. <40,2020,1900
LIMA,a. <40,2021,2534
LIMA,b. 40-60,2020,10328
LIMA,b. 40-60,2021,12759
LIMA,c. >60,2020,27100
LIMA,c. >60,2021,27827
LORETO,a. <40,2020,12
LORETO,a. <40,2021,4
LORETO,b. 40-60,2020,35
LORETO,b. 40-60,2021,8
LORETO,c. >60,2020,73
LORETO,c. >60,2021,20
LUCANAS,a. <40,2020,1
LUCANAS,a. <40,2021,15
LUCANAS,b. 40-60,2020,9
LUCANAS,b. 40-60,2021,27
LUCANAS,c. >60,2020,41
LUCANAS,c. >60,2021,84
LUYA,a. <40,2020,2
LUYA,a. <40,2021,6
LUYA,b. 40-60,2020,5
LUYA,b. 40-60,2021,7
LUYA,c. >60,2020,13
LUYA,c. >60,2021,50
MANU,a. <40,2020,4
MANU,a. <40,2021,1
MANU,b. 40-60,2020,8
MANU,b. 40-60,2021,10
MANU,c. >60,2020,6
MANU,c. >60,2021,16
MARAÑON,a. <40,2020,2
MARAÑON,a. <40,2021,2
MARAÑON,b. 40-60,2020,1
MARAÑON,b. 40-60,2021,4
MARAÑON,c. >60,2020,11
MARAÑON,c. >60,2021,18
MARISCAL CACERES,a. <40,2020,7
MARISCAL CACERES,a. <40,2021,6
MARISCAL CACERES,b. 40-60,2020,50
MARISCAL CACERES,b. 40-60,2021,20
MARISCAL CACERES,c. >60,2020,124
MARISCAL CACERES,c. >60,2021,74
MARISCAL LUZURIAGA,a. <40,2021,1
MARISCAL LUZURIAGA,b. 40-60,2021,5
MARISCAL LUZURIAGA,c. >60,2020,9
MARISCAL LUZURIAGA,c. >60,2021,30
MARISCAL NIETO,a. <40,2020,18
MARISCAL NIETO,a. <40,2021,14
MARISCAL NIETO,b. 40-60,2020,113
MARISCAL NIETO,b. 40-60,2021,77
MARISCAL NIETO,c. >60,2020,385
MARISCAL NIETO,c. >60,2021,154
MARISCAL RAMON CASTILLA,a. <40,2020,15
MARISCAL RAMON CASTILLA,a. <40,2021,10
MARISCAL RAMON CASTILLA,b. 40-60,2020,24
MARISCAL RAMON CASTILLA,b. 40-60,2021,19
MARISCAL RAMON CASTILLA,c. >60,2020,47
MARISCAL RAMON CASTILLA,c. >60,2021,35
MAYNAS,a. <40,2020,145
MAYNAS,a. <40,2021,74
MAYNAS,b. 40-60,2020,526
MAYNAS,b. 40-60,2021,315
MAYNAS,c. >60,2020,1410
MAYNAS,c. >60,2021,671
MELGAR,a. <40,2020,3
MELGAR,a. <40,2021,7
MELGAR,b. 40-60,2020,14
MELGAR,b. 40-60,2021,42
MELGAR,c. >60,2020,43
MELGAR,c. >60,2021,80
MOHO,a. <40,2020,2
MOHO,a. <40,2021,2
MOHO,b. 40-60,2020,2
MOHO,b. 40-60,2021,1
MOHO,c. >60,2020,13
MOHO,c. >60,2021,20
MORROPON,a. <40,2020,29
MORROPON,a. <40,2021,19
MORROPON,b. 40-60,2020,160
MORROPON,b. 40-60,2021,129
MORROPON,c. >60,2020,527
MORROPON,c. >60,2021,350
MOYOBAMBA,a. <40,2020,14
MOYOBAMBA,a. <40,2021,17
MOYOBAMBA,b. 40-60,2020,36
MOYOBAMBA,b. 40-60,2021,60
MOYOBAMBA,c. >60,2020,117
MOYOBAMBA,c. >60,2021,165
NAZCA,a. <40,2020,12
NAZCA,a. <40,2021,33
NAZCA,b. 40-60,2020,69
NAZCA,b. 40-60,2021,148
NAZCA,c. >60,2020,185
NAZCA,c. >60,2021,235
OCROS,a. <40,2020,3
OCROS,b. 40-60,2020,3
OCROS,b. 40-60,2021,2
OCROS,c. >60,2020,2
OCROS,c. >60,2021,13
OTUZCO,a. <40,2020,3
OTUZCO,a. <40,2021,10
OTUZCO,b. 40-60,2020,15
OTUZCO,b. 40-60,2021,15
OTUZCO,c. >60,2020,63
OTUZCO,c. >60,2021,73
OXAPAMPA,a. <40,2020,9
OXAPAMPA,a. <40,2021,26
OXAPAMPA,b. 40-60,2020,19
OXAPAMPA,b. 40-60,2021,86
OXAPAMPA,c. >60,2020,40
OXAPAMPA,c. >60,2021,165
OYON,a. <40,2021,4
OYON,b. 40-60,2020,8
OYON,b. 40-60,2021,12
OYON,c. >60,2020,17
OYON,c. >60,2021,37
PACASMAYO,a. <40,2020,12
PACASMAYO,a. <40,2021,16
PACASMAYO,b. 40-60,2020,71
PACASMAYO,b. 40-60,2021,102
PACASMAYO,c. >60,2020,244
PACASMAYO,c. >60,2021,271
PACHITEA,a. <40,2020,5
PACHITEA,a. <40,2021,5
PACHITEA,b. 40-60,2020,6
PACHITEA,b. 40-60,2021,8
PACHITEA,c. >60,2020,14
PACHITEA,c. >60,2021,19
PADRE ABAD,a. <40,2020,15
PADRE ABAD,a. <40,2021,13
PADRE ABAD,b. 40-60,2020,33
PADRE ABAD,b. 40-60,2021,30
PADRE ABAD,c. >60,2020,42
PADRE ABAD,c. >60,2021,51
PAITA,a. <40,2020,24
PAITA,a. <40,2021,28
PAITA,b. 40-60,2020,151
PAITA,b. 40-60,2021,114
PAITA,c. >60,2020,390
PAITA,c. >60,2021,266
PALLASCA,a. <40,2020,2
PALLASCA,a. <40,2021,1
PALLASCA,b. 40-60,2020,3
PALLASCA,b. 40-60,2021,11
PALLASCA,c. >60,2020,9
PALLASCA,c. >60,2021,40
PALPA,a. <40,2020,4
PALPA,a. <40,2021,5
PALPA,b. 40-60,2020,17
PALPA,b. 40-60,2021,18
PALPA,c. >60,2020,56
PALPA,c. >60,2021,67
PARINACOCHAS,a. <40,2021,8
PARINACOCHAS,b. 40-60,2020,7
PARINACOCHAS,b. 40-60,2021,18
PARINACOCHAS,c. >60,2020,20
PARINACOCHAS,c. >60,2021,71
PARURO,a. <40,2021,1
PARURO,b. 40-60,2020,1
PARURO,b. 40-60,2021,6
PARURO,c. >60,2020,17
PARURO,c. >60,2021,38
PASCO,a. <40,2020,24
PASCO,a. <40,2021,24
PASCO,b. 40-60,2020,78
PASCO,b. 40-60,2021,144
PASCO,c. >60,2020,130
PASCO,c. >60,2021,208
PATAZ,a. <40,2020,3
PATAZ,a. <40,2021,3
PATAZ,b. 40-60,2020,19
PATAZ,b. 40-60,2021,11
PATAZ,c. >60,2020,26
PATAZ,c. >60,2021,36
PAUCAR DEL SARA SARA,b. 40-60,2020,1
PAUCAR DEL SARA SARA,b. 40-60,2021,6
PAUCAR DEL SARA SARA,c. >60,2020,12
PAUCAR DEL SARA SARA,c. >60,2021,29
PAUCARTAMBO,a. <40,2020,2
PAUCARTAMBO,a. <40,2021,3
PAUCARTAMBO,b. 40-60,2020,3
PAUCARTAMBO,b. 40-60,2021,17
PAUCARTAMBO,c. >60,2020,3
PAUCARTAMBO,c. >60,2021,50
PICOTA,a. <40,2020,7
PICOTA,a. <40,2021,4
PICOTA,b. 40-60,2020,19
PICOTA,b. 40-60,2021,16
PICOTA,c. >60,2020,75
PICOTA,c. >60,2021,37
PISCO,a. <40,2020,39
PISCO,a. <40,2021,69
PISCO,b. 40-60,2020,185
PISCO,b. 40-60,2021,268
PISCO,c. >60,2020,398
PISCO,c. >60,2021,476
PIURA,a. <40,2020,181
PIURA,a. <40,2021,157
PIURA,b. 40-60,2020,708
PIURA,b. 40-60,2021,730
PIURA,c. >60,2020,2041
PIURA,c. >60,2021,1786
POMABAMBA,a. <40,2020,1
POMABAMBA,b. 40-60,2020,2
POMABAMBA,b. 40-60,2021,10
POMABAMBA,c. >60,2020,17
POMABAMBA,c. >60,2021,51
PUERTO INCA,a. <40,2020,2
PUERTO INCA,a. <40,2021,2
PUERTO INCA,b. 40-60,2020,5
PUERTO INCA,b. 40-60,2021,5
PUERTO INCA,c. >60,2020,14
PUERTO INCA,c. >60,2021,22
PUNO,a. <40,2020,31
PUNO,a. <40,2021,54
PUNO,b. 40-60,2020,162
PUNO,b. 40-60,2021,245
PUNO,c. >60,2020,318
PUNO,c. >60,2021,536
PURUS,a. <40,2021,1
PURUS,b. 40-60,2020,1
PURUS,b. 40-60,2021,2
PURUS,c. >60,2020,1
PURUS,c. >60,2021,1
PUTUMAYO,b. 40-60,2020,4
PUTUMAYO,b. 40-60,2021,3
PUTUMAYO,c. >60,2020,11
PUTUMAYO,c. >60,2021,4
QUISPICANCHI,a. <40,2020,11
QUISPICANCHI,a. <40,2021,16
QUISPICANCHI,b. 40-60,2020,21
QUISPICANCHI,b. 40-60,2021,44
QUISPICANCHI,c. >60,2020,63
QUISPICANCHI,c. >60,2021,164
RECUAY,a. <40,2020,1
RECUAY,a. <40,2021,4
RECUAY,b. 40-60,2020,3
RECUAY,b. 40-60,2021,11
RECUAY,c. >60,2020,16
RECUAY,c. >60,2021,34
REQUENA,a. <40,2020,16
REQUENA,a. <40,2021,1
REQUENA,b. 40-60,2020,35
REQUENA,b. 40-60,2021,11
REQUENA,c. >60,2020,101
REQUENA,c. >60,2021,29
RIOJA,a. <40,2020,17
RIOJA,a. <40,2021,12
RIOJA,b. 40-60,2020,46
RIOJA,b. 40-60,2021,55
RIOJA,c. >60,2020,67
RIOJA,c. >60,2021,119
RODRIGUEZ DE MENDOZA,a. <40,2020,2
RODRIGUEZ DE MENDOZA,b. 40-60,2021,10
RODRIGUEZ DE MENDOZA,c. >60,2020,7
RODRIGUEZ DE MENDOZA,c. >60,2021,36
SAN ANTONIO DE PUTINA,a. <40,2020,6
SAN ANTONIO DE PUTINA,a. <40,2021,5
SAN ANTONIO DE PUTINA,b. 40-60,2020,7
SAN ANTONIO DE PUTINA,b. 40-60,2021,12
SAN ANTONIO DE PUTINA,c. >60,2020,6
SAN ANTONIO DE PUTINA,c. >60,2021,15
SAN IGNACIO,a. <40,2020,6
SAN IGNACIO,a. <40,2021,16
SAN IGNACIO,b. 40-60,2020,11
SAN IGNACIO,b. 40-60,2021,34
SAN IGNACIO,c. >60,2020,82
SAN IGNACIO,c. >60,2021,97
SAN MARCOS,a. <40,2020,3
SAN MARCOS,a. <40,2021,5
SAN MARCOS,b. 40-60,2020,2
SAN MARCOS,b. 40-60,2021,25
SAN MARCOS,c. >60,2020,20
SAN MARCOS,c. >60,2021,61
SAN MARTIN,a. <40,2020,55
SAN MARTIN,a. <40,2021,32
SAN MARTIN,b. 40-60,2020,175
SAN MARTIN,b. 40-60,2021,140
SAN MARTIN,c. >60,2020,396
SAN MARTIN,c. >60,2021,298
SAN MIGUEL,a. <40,2020,3
SAN MIGUEL,a. <40,2021,9
SAN MIGUEL,b. 40-60,2020,6
SAN MIGUEL,b. 40-60,2021,17
SAN MIGUEL,c. >60,2020,16
SAN MIGUEL,c. >60,2021,61
SAN PABLO,a. <40,2020,1
SAN PABLO,a. <40,2021,6
SAN PABLO,b. 40-60,2020,2
SAN PABLO,b. 40-60,2021,10
SAN PABLO,c. >60,2020,6
SAN PABLO,c. >60,2021,25
SAN ROMAN,a. <40,2020,49
SAN ROMAN,a. <40,2021,60
SAN ROMAN,b. 40-60,2020,199
SAN ROMAN,b. 40-60,2021,289
SAN ROMAN,c. >60,2020,319
SAN ROMAN,c. >60,2021,405
SANCHEZ CARRION,a. <40,2020,2
SANCHEZ CARRION,a. <40,2021,14
SANCHEZ CARRION,b. 40-60,2020,14
SANCHEZ CARRION,b. 40-60,2021,26
SANCHEZ CARRION,c. >60,2020,39
SANCHEZ CARRION,c. >60,2021,93
SANDIA,a. <40,2020,5
SANDIA,a. <40,2021,5
SANDIA,b. 40-60,2020,9
SANDIA,b. 40-60,2021,20
SANDIA,c. >60,2020,17
SANDIA,c. >60,2021,35
SANTA,a. <40,2020,68
SANTA,a. <40,2021,77
SANTA,b. 40-60,2020,449
SANTA,b. 40-60,2021,576
SANTA,c. >60,2020,1392
SANTA,c. >60,2021,1402
SANTA CRUZ,a. <40,2020,2
SANTA CRUZ,a. <40,2021,1
SANTA CRUZ,b. 40-60,2020,7
SANTA CRUZ,b. 40-60,2021,16
SANTA CRUZ,c. >60,2020,21
SANTA CRUZ,c. >60,2021,33
SANTIAGO DE CHUCO,a. <40,2020,2
SANTIAGO DE CHUCO,a. <40,2021,4
SANTIAGO DE CHUCO,b. 40-60,2020,7
SANTIAGO DE CHUCO,b. 40-60,2021,13
SANTIAGO DE CHUCO,c. >60,2020,32
SANTIAGO DE CHUCO,c. >60,2021,48
SATIPO,a. <40,2020,18
SATIPO,a. <40,2021,22
SATIPO,b. 40-60,2020,35
SATIPO,b. 40-60,2021,104
SATIPO,c. >60,2020,77
SATIPO,c. >60,2021,185
SECHURA,a. <40,2020,19
SECHURA,a. <40,2021,17
SECHURA,b. 40-60,2020,69
SECHURA,b. 40-60,2021,67
SECHURA,c. >60,2020,139
SECHURA,c. >60,2021,122
SIHUAS,a. <40,2020,2
SIHUAS,a. <40,2021,5
SIHUAS,b. 40-60,2020,1
SIHUAS,b. 40-60,2021,6
SIHUAS,c. >60,2020,9
SIHUAS,c. >60,2021,38
SUCRE,a. <40,2020,1
SUCRE,a. <40,2021,1
SUCRE,b. 40-60,2020,1
SUCRE,b. 40-60,2021,6
SUCRE,c. >60,2020,6
SUCRE,c. >60,2021,16
SULLANA,a. <40,2020,73
SULLANA,a. <40,2021,53
SULLANA,b. 40-60,2020,321
SULLANA,b. 40-60,2021,251
SULLANA,c. >60,2020,894
SULLANA,c. >60,2021,722
TACNA,a. <40,2020,45
TACNA,a. <40,2021,69
TACNA,b. 40-60,2020,212
TACNA,b. 40-60,2021,403
TACNA,c. >60,2020,521
TACNA,c. >60,2021,679
TAHUAMANU,a. <40,2020,2
TAHUAMANU,a. <40,2021,2
TAHUAMANU,b. 40-60,2020,8
TAHUAMANU,b. 40-60,2021,5
TAHUAMANU,c. >60,2020,18
TAHUAMANU,c. >60,2021,10
TALARA,a. <40,2020,17
TALARA,a. <40,2021,38
TALARA,b. 40-60,2020,153
TALARA,b. 40-60,2021,193
TALARA,c. >60,2020,395
TALARA,c. >60,2021,536
TAMBOPATA,a. <40,2020,40
TAMBOPATA,a. <40,2021,31
TAMBOPATA,b. 40-60,2020,141
TAMBOPATA,b. 40-60,2021,87
TAMBOPATA,c. >60,2020,220
TAMBOPATA,c. >60,2021,161
TARATA,b. 40-60,2020,1
TARATA,b. 40-60,2021,4
TARATA,c. >60,2020,9
TARATA,c. >60,2021,14
TARMA,a. <40,2020,7
TARMA,a. <40,2021,19
TARMA,b. 40-60,2020,34
TARMA,b. 40-60,2021,124
TARMA,c. >60,2020,102
TARMA,c. >60,2021,289
TAYACAJA,a. <40,2020,2
TAYACAJA,a. <40,2021,13
TAYACAJA,b. 40-60,2020,12
TAYACAJA,b. 40-60,2021,34
TAYACAJA,c. >60,2020,38
TAYACAJA,c. >60,2021,107
TOCACHE,a. <40,2020,8
TOCACHE,a. <40,2021,10
TOCACHE,b. 40-60,2020,26
TOCACHE,b. 40-60,2021,24
TOCACHE,c. >60,2020,72
TOCACHE,c. >60,2021,65
TRUJILLO,a. <40,2020,157
TRUJILLO,a. <40,2021,164
TRUJILLO,b. 40-60,2020,858
TRUJILLO,b. 40-60,2021,1028
TRUJILLO,c. >60,2020,2221
TRUJILLO,c. >60,2021,2412
TUMBES,a. <40,2020,37
TUMBES,a. <40,2021,37
TUMBES,b. 40-60,2020,158
TUMBES,b. 40-60,2021,184
TUMBES,c. >60,2020,384
TUMBES,c. >60,2021,403
UCAYALI,a. <40,2020,8
UCAYALI,a. <40,2021,6
UCAYALI,b. 40-60,2020,14
UCAYALI,b. 40-60,2021,14
UCAYALI,c. >60,2020,58
UCAYALI,c. >60,2021,45
URUBAMBA,a. <40,2020,7
URUBAMBA,a. <40,2021,7
URUBAMBA,b. 40-60,2020,10
URUBAMBA,b. 40-60,2021,46
URUBAMBA,c. >60,2020,40
URUBAMBA,c. >60,2021,88
UTCUBAMBA,a. <40,2020,11
UTCUBAMBA,a. <40,2021,13
UTCUBAMBA,b. 40-60,2020,40
UTCUBAMBA,b. 40-60,2021,56
UTCUBAMBA,c. >60,2020,79
UTCUBAMBA,c. >60,2021,111
VICTOR FAJARDO,a. <40,2021,1
VICTOR FAJARDO,b. 40-60,2020,2
VICTOR FAJARDO,b. 40-60,2021,5
VICTOR FAJARDO,c. >60,2020,18
VICTOR FAJARDO,c. >60,2021,30
VILCAS HUAMAN,b. 40-60,2020,1
VILCAS HUAMAN,b. 40-60,2021,3
VILCAS HUAMAN,c. >60,2020,3
VILCAS HUAMAN,c. >60,2021,31
VIRU,a. <40,2020,19
VIRU,a. <40,2021,20
VIRU,b. 40-60,2020,51
VIRU,b. 40-60,2021,64
VIRU,c. >60,2020,159
VIRU,c. >60,2021,104
YAROWILCA,a. <40,2020,3
YAROWILCA,b. 40-60,2020,1
YAROWILCA,b. 40-60,2021,4
YAROWILCA,c. >60,2020,7
YAROWILCA,c. >60,2021,26
YAULI,a. <40,2020,6
YAULI,a. <40,2021,21
YAULI,b. 40-60,2020,21
YAULI,b. 40-60,2021,87
YAULI,c. >60,2020,68
YAULI,c. >60,2021,123
YAUYOS,a. <40,2020,2
YAUYOS,a. <40,2021,1
YAUYOS,b. 40-60,2020,6
YAUYOS,b. 40-60,2021,16
YAUYOS,c. >60,2020,23
YAUYOS,c. >60,2021,38
YUNGAY,a. <40,2020,3
YUNGAY,a. <40,2021,1
YUNGAY,b. 40-60,2020,11
YUNGAY,b. 40-60,2021,27
YUNGAY,c. >60,2020,26
YUNGAY,c. >60,2021,50
YUNGUYO,a. <40,2020,4
YUNGUYO,a. <40,2021,6
YUNGUYO,b. 40-60,2020,10
YUNGUYO,b. 40-60,2021,12
YUNGUYO,c. >60,2020,32
YUNGUYO,c. >60,2021,83
ZARUMILLA,a. <40,2020,13
ZARUMILLA,a. <40,2021,11
ZARUMILLA,b. 40-60,2020,37
ZARUMILLA,b. 40-60,2021,35
ZARUMILLA,c. >60,2020,83
ZARUMILLA,c. >60,2021,70
